onset	duration	sample	type	value
0.96875	0	497	trigger	254
1.97265625	0	1011	trigger	111
300.240234375	0	153724	trigger	121
307.421875	0	157401	trigger	120
311.89453125	0	159691	trigger	36
314.22265625	0	160883	trigger	120
323.078125	0	165417	trigger	27
324.3828125	0	166085	trigger	120
359.27734375	0	183951	trigger	36
361.404296875	0	185040	trigger	121
367.8515625	0	188341	trigger	120
371.509765625	0	190214	trigger	36
372.970703125	0	190962	trigger	120
379.06640625	0	194083	trigger	120
384.091796875	0	196656	trigger	120
389.322265625	0	199334	trigger	120
426.79296875	0	218519	trigger	35
428.376953125	0	219330	trigger	120
432.16796875	0	221271	trigger	120
436.82421875	0	223655	trigger	121
442.40625	0	226513	trigger	120
445.076171875	0	227880	trigger	34
446.0078125	0	228357	trigger	120
448.525390625	0	229646	trigger	41
450.583984375	0	230700	trigger	120
454.822265625	0	232870	trigger	120
459.798828125	0	235418	trigger	120
462.259765625	0	236678	trigger	33
463.671875	0	237401	trigger	120
467.3671875	0	239293	trigger	120
470.517578125	0	240906	trigger	120
473.765625	0	242569	trigger	120
476.30859375	0	243871	trigger	41
477.54296875	0	244503	trigger	120
481.8125	0	246689	trigger	121
485.333984375	0	248492	trigger	120
487.642578125	0	249674	trigger	36
489.63671875	0	250695	trigger	120
491.92578125	0	251867	trigger	36
494.021484375	0	252940	trigger	120
497.31640625	0	254627	trigger	120
500.869140625	0	256446	trigger	120
505.716796875	0	258928	trigger	120
509.05859375	0	260639	trigger	33
510.1640625	0	261205	trigger	120
512.591796875	0	262448	trigger	38
513.4765625	0	262901	trigger	120
515.775390625	0	264078	trigger	36
516.724609375	0	264564	trigger	120
518.9765625	0	265717	trigger	29
521.125	0	266817	trigger	121
523.55859375	0	268063	trigger	42
524.740234375	0	268668	trigger	120
527.025390625	0	269838	trigger	30
527.748046875	0	270208	trigger	120
531.076171875	0	271912	trigger	120
534.291015625	0	273558	trigger	120
536.609375	0	274745	trigger	29
537.412109375	0	275156	trigger	120
540.75390625	0	276867	trigger	120
544.00390625	0	278531	trigger	120
547.345703125	0	280242	trigger	120
549.7421875	0	281469	trigger	27
550.962890625	0	282094	trigger	120
555.42578125	0	284379	trigger	121
557.791015625	0	285590	trigger	37
558.72265625	0	286067	trigger	120
562.2265625	0	287861	trigger	121
568.017578125	0	290826	trigger	120
571.154296875	0	292432	trigger	120
573.609375	0	293689	trigger	41
574.578125	0	294185	trigger	120
576.875	0	295361	trigger	42
578.626953125	0	296258	trigger	120
580.974609375	0	297460	trigger	42
583.984375	0	299001	trigger	120
588.384765625	0	301254	trigger	121
615.6953125	0	315237	trigger	121
621.0390625	0	317973	trigger	120
623.474609375	0	319220	trigger	36
624.4296875	0	319709	trigger	120
627.908203125	0	321490	trigger	29
629.375	0	322241	trigger	121
632.89453125	0	324043	trigger	120
637.375	0	326337	trigger	121
640.390625	0	327881	trigger	33
641.390625	0	328393	trigger	120
643.740234375	0	329596	trigger	28
644.654296875	0	330064	trigger	120
646.990234375	0	331260	trigger	38
648.205078125	0	331882	trigger	120
651.94921875	0	333799	trigger	121
654.375	0	335041	trigger	28
655.6953125	0	335717	trigger	120
658.041015625	0	336918	trigger	30
659.8203125	0	337829	trigger	121
662.07421875	0	338983	trigger	34
664.09375	0	340017	trigger	120
667.7890625	0	341909	trigger	120
670.224609375	0	343156	trigger	30
670.98828125	0	343547	trigger	120
674.427734375	0	345308	trigger	120
677.884765625	0	347078	trigger	120
681.388671875	0	348872	trigger	120
684.779296875	0	350608	trigger	120
688.091796875	0	352304	trigger	120
690.408203125	0	353490	trigger	29
691.98046875	0	354295	trigger	120
694.291015625	0	355478	trigger	33
696.203125	0	356457	trigger	120
699.96484375	0	358383	trigger	120
702.240234375	0	359548	trigger	35
704.5234375	0	360717	trigger	120
706.791015625	0	361878	trigger	36
710.427734375	0	363740	trigger	120
712.939453125	0	365026	trigger	36
714.171875	0	365657	trigger	120
717.994140625	0	367614	trigger	120
721.09765625	0	369203	trigger	120
723.423828125	0	370394	trigger	38
726.810546875	0	372128	trigger	120
730.08984375	0	373807	trigger	120
732.357421875	0	374968	trigger	36
733.705078125	0	375658	trigger	120
735.873046875	0	376768	trigger	35
736.82421875	0	377255	trigger	120
739.8671875	0	378813	trigger	120
745.16015625	0	381523	trigger	120
748.3125	0	383137	trigger	120
753	0	385537	trigger	121
755.390625	0	386761	trigger	37
756.201171875	0	387176	trigger	120
758.505859375	0	388356	trigger	41
759.43359375	0	388831	trigger	120
761.689453125	0	389986	trigger	28
762.6484375	0	390477	trigger	120
766.6328125	0	392517	trigger	120
768.939453125	0	393698	trigger	34
769.83203125	0	394155	trigger	120
772.2734375	0	395405	trigger	38
773.12890625	0	395843	trigger	120
775.423828125	0	397018	trigger	41
776.6484375	0	397645	trigger	120
778.990234375	0	398844	trigger	37
780.423828125	0	399578	trigger	120
782.740234375	0	400764	trigger	27
783.65625	0	401233	trigger	120
786.255859375	0	402564	trigger	28
787.736328125	0	403322	trigger	120
789.97265625	0	404467	trigger	41
791.126953125	0	405058	trigger	120
793.490234375	0	406268	trigger	30
794.646484375	0	406860	trigger	120
805.005859375	0	412164	trigger	35
806.93359375	0	413151	trigger	120
810.15625	0	414801	trigger	27
811.71875	0	415601	trigger	120
814.072265625	0	416806	trigger	37
814.94921875	0	417255	trigger	120
818.23046875	0	418935	trigger	120
820.5390625	0	420117	trigger	28
821.4140625	0	420565	trigger	120
825.734375	0	422777	trigger	120
827.97265625	0	423923	trigger	27
828.662109375	0	424276	trigger	120
831.861328125	0	425914	trigger	120
834.138671875	0	427080	trigger	36
835.125	0	427585	trigger	120
838.310546875	0	429216	trigger	120
840.5234375	0	430349	trigger	35
841.4609375	0	430829	trigger	120
843.822265625	0	432038	trigger	33
844.373046875	0	432320	trigger	120
848.01953125	0	434187	trigger	120
851.4609375	0	435949	trigger	120
854.564453125	0	437538	trigger	120
858.212890625	0	439406	trigger	121
860.572265625	0	440614	trigger	42
861.5703125	0	441125	trigger	120
863.85546875	0	442295	trigger	36
865.091796875	0	442928	trigger	120
867.421875	0	444121	trigger	30
868.306640625	0	444574	trigger	120
871.666015625	0	446294	trigger	120
874.3046875	0	447645	trigger	37
875.68359375	0	448351	trigger	120
879.236328125	0	450170	trigger	120
881.65625	0	451409	trigger	36
882.498046875	0	451840	trigger	120
885.890625	0	453577	trigger	120
888.255859375	0	454788	trigger	36
889.08984375	0	455215	trigger	120
891.505859375	0	456452	trigger	36
892.498046875	0	456960	trigger	120
894.7890625	0	458133	trigger	36
895.5703125	0	458533	trigger	120
898.75390625	0	460163	trigger	120
902.3046875	0	461981	trigger	27
903.9375	0	462817	trigger	120
906.521484375	0	464140	trigger	27
908.193359375	0	464996	trigger	121
911.5859375	0	466733	trigger	120
914.072265625	0	468006	trigger	33
915.169921875	0	468568	trigger	120
918.75390625	0	470403	trigger	120
921.705078125	0	471914	trigger	33
923.599609375	0	472884	trigger	120
926.638671875	0	474440	trigger	37
928.3203125	0	475301	trigger	120
931.205078125	0	476778	trigger	37
933.921875	0	478169	trigger	120
937.712890625	0	480110	trigger	120
941.85546875	0	482231	trigger	121
944.921875	0	483801	trigger	35
946	0	484353	trigger	120
949.55078125	0	486171	trigger	120
954.751953125	0	488834	trigger	121
957.35546875	0	490167	trigger	38
960.638671875	0	491848	trigger	120
963.822265625	0	493478	trigger	27
964.638671875	0	493896	trigger	120
967.3046875	0	495261	trigger	37
969.583984375	0	496428	trigger	120
972.072265625	0	497702	trigger	29
973.310546875	0	498336	trigger	120
976.037109375	0	499732	trigger	27
977.0078125	0	500229	trigger	120
980.89453125	0	502219	trigger	120
984.4140625	0	504021	trigger	120
996.787109375	0	510356	trigger	35
998.58984375	0	511279	trigger	120
1001.521484375	0	512780	trigger	36
1002.365234375	0	513212	trigger	120
1005.12109375	0	514623	trigger	33
1006.509765625	0	515334	trigger	120
1009.37109375	0	516799	trigger	33
1011.1640625	0	517717	trigger	120
1015.29296875	0	519831	trigger	120
1019.708984375	0	522092	trigger	120
1022.537109375	0	523540	trigger	27
1023.373046875	0	523968	trigger	120
1026.287109375	0	525460	trigger	35
1027.580078125	0	526122	trigger	120
1030.8046875	0	527773	trigger	28
1032.828125	0	528809	trigger	120
1036.21875	0	530545	trigger	120
1039.271484375	0	532108	trigger	37
1040.107421875	0	532536	trigger	120
1044.490234375	0	534780	trigger	120
1047.203125	0	536169	trigger	42
1048.169921875	0	536664	trigger	120
1050.8046875	0	538013	trigger	35
1051.578125	0	538409	trigger	120
1055.09765625	0	540211	trigger	120
1058.42578125	0	541915	trigger	120
1061.5625	0	543521	trigger	120
1064.26953125	0	544907	trigger	41
1065.09765625	0	545331	trigger	120
1069.177734375	0	547420	trigger	120
1071.703125	0	548713	trigger	27
1072.984375	0	549369	trigger	120
1075.669921875	0	550744	trigger	27
1078.6171875	0	552253	trigger	120
1082.201171875	0	554088	trigger	120
1084.837890625	0	555438	trigger	42
1085.544921875	0	555800	trigger	120
1089.12890625	0	557635	trigger	120
1093.015625	0	559625	trigger	121
1096.759765625	0	561542	trigger	120
1100.34375	0	563377	trigger	120
1104.072265625	0	565286	trigger	120
1107.431640625	0	567006	trigger	120
1110.0703125	0	568357	trigger	28
1111.224609375	0	568948	trigger	120
1117.958984375	0	572396	trigger	120
1120.63671875	0	573767	trigger	33
1121.3984375	0	574157	trigger	120
1127.189453125	0	577122	trigger	120
1129.88671875	0	578503	trigger	41
1131.400390625	0	579278	trigger	120
1134.203125	0	580713	trigger	35
1135.3671875	0	581309	trigger	120
1139.638671875	0	583496	trigger	120
1143.03125	0	585233	trigger	120
1146.548828125	0	587034	trigger	120
1149.13671875	0	588359	trigger	30
1149.91015625	0	588755	trigger	120
1152.453125	0	590057	trigger	35
1153.26953125	0	590475	trigger	120
1156.931640625	0	592350	trigger	120
1160.357421875	0	594104	trigger	120
1163.4609375	0	595693	trigger	121
1167.22265625	0	597619	trigger	120
1169.619140625	0	598846	trigger	34
1170.5	0	599297	trigger	120
1173.78125	0	600977	trigger	120
1176.21875	0	602225	trigger	28
1177.09375	0	602673	trigger	120
1180.29296875	0	604311	trigger	120
1195.65234375	0	612175	trigger	30
1198.5625	0	613665	trigger	120
1202.1328125	0	615493	trigger	120
1205.8359375	0	617389	trigger	27
1206.564453125	0	617762	trigger	120
1208.88671875	0	618951	trigger	33
1209.859375	0	619449	trigger	120
1213.107421875	0	621112	trigger	120
1216.2890625	0	622741	trigger	120
1218.685546875	0	623968	trigger	34
1219.521484375	0	624396	trigger	120
1222.787109375	0	626068	trigger	120
1226.59375	0	628017	trigger	120
1229.001953125	0	629250	trigger	41
1230.001953125	0	629762	trigger	120
1232.51953125	0	631051	trigger	29
1233.779296875	0	631696	trigger	120
1237.07421875	0	633383	trigger	120
1239.486328125	0	634618	trigger	35
1240.44921875	0	635111	trigger	120
1243.888671875	0	636872	trigger	120
1247.13671875	0	638535	trigger	120
1250.48046875	0	640247	trigger	120
1252.90234375	0	641487	trigger	35
1253.904296875	0	642000	trigger	120
1257.185546875	0	643680	trigger	120
1259.619140625	0	644926	trigger	38
1261.201171875	0	645736	trigger	120
1264.52734375	0	647439	trigger	120
1267.01953125	0	648715	trigger	28
1267.6640625	0	649045	trigger	120
1270.134765625	0	650310	trigger	29
1271.375	0	650945	trigger	120
1273.8359375	0	652205	trigger	38
1275.6953125	0	653157	trigger	120
1279.83984375	0	655279	trigger	120
1284.86328125	0	657851	trigger	120
1288.431640625	0	659678	trigger	120
1292.416015625	0	661718	trigger	120
1295.91796875	0	663511	trigger	120
1298.46875	0	664817	trigger	28
1299.134765625	0	665158	trigger	120
1302.54296875	0	666903	trigger	120
1306.4140625	0	668885	trigger	120
1310.78125	0	671121	trigger	120
1315.212890625	0	673390	trigger	120
1318.685546875	0	675168	trigger	120
1322.189453125	0	676962	trigger	120
1326.236328125	0	679034	trigger	120
1330.060546875	0	680992	trigger	120
1333.068359375	0	682532	trigger	34
1335.03515625	0	683539	trigger	120
1337.96875	0	685041	trigger	27
1338.84375	0	685489	trigger	121
1341.400390625	0	686798	trigger	28
1344.171875	0	688217	trigger	120
1346.78515625	0	689555	trigger	37
1347.662109375	0	690004	trigger	120
1351.1640625	0	691797	trigger	120
1353.6015625	0	693045	trigger	34
1354.716796875	0	693616	trigger	120
1357.216796875	0	694896	trigger	41
1357.884765625	0	695238	trigger	120
1360.3515625	0	696501	trigger	29
1361.275390625	0	696974	trigger	120
1363.68359375	0	698207	trigger	34
1364.955078125	0	698858	trigger	121
1370.171875	0	701529	trigger	120
1372.80078125	0	702875	trigger	28
1373.642578125	0	703306	trigger	120
1387.201171875	0	710248	trigger	38
1388.939453125	0	711138	trigger	121
1392.30078125	0	712859	trigger	30
1393.46484375	0	713455	trigger	120
1396.134765625	0	714822	trigger	42
1396.890625	0	715209	trigger	120
1400.13671875	0	716871	trigger	120
1402.55078125	0	718107	trigger	35
1403.2578125	0	718469	trigger	120
1405.6171875	0	719677	trigger	36
1406.361328125	0	720058	trigger	120
1409.578125	0	721705	trigger	120
1413.048828125	0	723482	trigger	120
1416.12109375	0	725055	trigger	120
1418.56640625	0	726307	trigger	27
1419.3046875	0	726685	trigger	120
1421.634765625	0	727878	trigger	36
1422.28125	0	728209	trigger	120
1426.921875	0	730585	trigger	120
1430.13671875	0	732231	trigger	120
1432.5	0	733441	trigger	35
1433.3359375	0	733869	trigger	120
1435.80078125	0	735131	trigger	29
1436.83984375	0	735663	trigger	120
1439.201171875	0	736872	trigger	35
1439.9921875	0	737277	trigger	120
1443.783203125	0	739218	trigger	120
1446.466796875	0	740592	trigger	41
1448.0390625	0	741397	trigger	120
1450.5	0	742657	trigger	33
1453.478515625	0	744182	trigger	120
1455.8828125	0	745413	trigger	37
1456.7109375	0	745837	trigger	120
1461.302734375	0	748188	trigger	120
1463.783203125	0	749458	trigger	35
1464.455078125	0	749802	trigger	120
1468.470703125	0	751858	trigger	121
1470.94921875	0	753127	trigger	29
1473.080078125	0	754218	trigger	120
1476.21484375	0	755823	trigger	120
1478.68359375	0	757087	trigger	36
1480.29296875	0	757911	trigger	120
1482.69921875	0	759143	trigger	27
1483.478515625	0	759542	trigger	120
1485.916015625	0	760790	trigger	42
1486.7578125	0	761221	trigger	120
1489.150390625	0	762446	trigger	27
1490.677734375	0	763228	trigger	120
1493.099609375	0	764468	trigger	41
1493.828125	0	764841	trigger	120
1496.31640625	0	766115	trigger	29
1497.427734375	0	766684	trigger	120
1499.849609375	0	767924	trigger	42
1500.94921875	0	768487	trigger	120
1503.265625	0	769673	trigger	36
1504.64453125	0	770379	trigger	120
1506.982421875	0	771576	trigger	33
1508.068359375	0	772132	trigger	120
1511.525390625	0	773902	trigger	120
1514.755859375	0	775556	trigger	120
1517.18359375	0	776799	trigger	29
1522.1015625	0	779317	trigger	120
1525.5859375	0	781101	trigger	120
1528.67578125	0	782683	trigger	120
1531.08203125	0	783915	trigger	30
1531.779296875	0	784272	trigger	120
1534.8828125	0	785861	trigger	120
1537.970703125	0	787442	trigger	120
1543.060546875	0	790048	trigger	120
1546.09765625	0	791603	trigger	120
1548.466796875	0	792816	trigger	36
1550.78515625	0	794003	trigger	121
1553.1484375	0	795213	trigger	27
1553.810546875	0	795552	trigger	120
1556.1484375	0	796749	trigger	42
1557.39453125	0	797387	trigger	120
1559.849609375	0	798644	trigger	35
1561.265625	0	799369	trigger	120
1582.115234375	0	810044	trigger	36
1583.919921875	0	810968	trigger	121
1587.857421875	0	812984	trigger	120
1591.80859375	0	815007	trigger	120
1594.298828125	0	816282	trigger	30
1596.193359375	0	817252	trigger	120
1598.6328125	0	818501	trigger	28
1599.552734375	0	818972	trigger	120
1601.931640625	0	820190	trigger	27
1602.609375	0	820537	trigger	120
1605.919921875	0	822232	trigger	120
1608.943359375	0	823780	trigger	120
1611.744140625	0	825214	trigger	120
1614.830078125	0	826794	trigger	120
1617.791015625	0	828310	trigger	120
1620.248046875	0	829568	trigger	29
1621.0390625	0	829973	trigger	120
1623.966796875	0	831472	trigger	120
1626.798828125	0	832922	trigger	120
1629.55078125	0	834331	trigger	121
1631.931640625	0	835550	trigger	28
1632.4296875	0	835805	trigger	120
1635.7421875	0	837501	trigger	120
1638.19921875	0	838759	trigger	42
1638.974609375	0	839156	trigger	120
1641.6953125	0	840549	trigger	120
1644.09765625	0	841779	trigger	33
1644.814453125	0	842146	trigger	120
1648.189453125	0	843874	trigger	120
1650.53125	0	845073	trigger	33
1651.53515625	0	845587	trigger	120
1655.421875	0	847577	trigger	120
1658.830078125	0	849322	trigger	120
1661.248046875	0	850560	trigger	35
1662.478515625	0	851190	trigger	120
1664.84765625	0	852403	trigger	38
1666.302734375	0	853148	trigger	120
1668.615234375	0	854332	trigger	36
1669.435546875	0	854752	trigger	120
1672.908203125	0	856530	trigger	120
1676.109375	0	858169	trigger	120
1678.96484375	0	859631	trigger	29
1679.66015625	0	859987	trigger	120
1681.998046875	0	861184	trigger	35
1683.453125	0	861929	trigger	120
1685.865234375	0	863164	trigger	27
1686.794921875	0	863640	trigger	120
1689.09765625	0	864819	trigger	27
1689.8671875	0	865213	trigger	120
1692.130859375	0	866372	trigger	36
1693.8515625	0	867253	trigger	121
1697.435546875	0	869088	trigger	120
1700.8125	0	870817	trigger	120
1703.1640625	0	872021	trigger	36
1704.859375	0	872889	trigger	120
1708.345703125	0	874674	trigger	120
1710.748046875	0	875904	trigger	30
1714.74609375	0	877951	trigger	120
1717.1484375	0	879181	trigger	35
1717.833984375	0	879532	trigger	120
1721.689453125	0	881506	trigger	120
1724.76171875	0	883079	trigger	120
1730.234375	0	885881	trigger	120
1732.71484375	0	887151	trigger	36
1733.41796875	0	887511	trigger	120
1735.681640625	0	888670	trigger	36
1739.08203125	0	890411	trigger	120
1742.744140625	0	892286	trigger	120
1745.833984375	0	893868	trigger	120
1748.046875	0	895001	trigger	28
1748.810546875	0	895392	trigger	120
1764.1796875	0	903261	trigger	28
1765.478515625	0	903926	trigger	120
1768.1640625	0	905301	trigger	34
1768.904296875	0	905680	trigger	120
1771.330078125	0	906922	trigger	38
1772.216796875	0	907376	trigger	120
1774.498046875	0	908544	trigger	35
1775.3203125	0	908965	trigger	120
1778.935546875	0	910816	trigger	120
1783.126953125	0	912962	trigger	120
1785.6796875	0	914269	trigger	27
1786.552734375	0	914716	trigger	120
1789.814453125	0	916386	trigger	120
1792.1640625	0	917589	trigger	28
1793.16015625	0	918099	trigger	120
1795.48046875	0	919287	trigger	29
1796.24609375	0	919679	trigger	120
1799.3359375	0	921261	trigger	120
1801.59765625	0	922419	trigger	36
1802.951171875	0	923112	trigger	120
1808.837890625	0	926126	trigger	120
1813.63671875	0	928583	trigger	120
1816.966796875	0	930288	trigger	120
1819.197265625	0	931430	trigger	28
1820.294921875	0	931992	trigger	120
1823.412109375	0	933588	trigger	120
1825.646484375	0	934732	trigger	37
1826.517578125	0	935178	trigger	120
1828.763671875	0	936328	trigger	36
1829.5234375	0	936717	trigger	120
1831.6796875	0	937821	trigger	35
1832.46875	0	938225	trigger	120
1834.61328125	0	939323	trigger	29
1835.84375	0	939953	trigger	120
1838.080078125	0	941098	trigger	28
1838.998046875	0	941568	trigger	121
1841.3125	0	942753	trigger	36
1842.068359375	0	943140	trigger	120
1845.220703125	0	944754	trigger	120
1848.962890625	0	946670	trigger	120
1852.1796875	0	948317	trigger	120
1855.140625	0	949833	trigger	120
1858.244140625	0	951422	trigger	120
1861.123046875	0	952896	trigger	120
1863.37890625	0	954051	trigger	29
1864.228515625	0	954486	trigger	120
1870.2109375	0	957549	trigger	120
1873.1875	0	959073	trigger	120
1876.115234375	0	960572	trigger	120
1880.72265625	0	962931	trigger	120
1884.001953125	0	964610	trigger	120
1886.279296875	0	965776	trigger	27
1887.5390625	0	966421	trigger	120
1892.369140625	0	968894	trigger	120
1894.61328125	0	970043	trigger	34
1896.80078125	0	971163	trigger	120
1989.26171875	0	1018503	trigger	34
1991.66015625	0	1019731	trigger	120
1994.9609375	0	1021421	trigger	27
1995.708984375	0	1021804	trigger	120
1999.869140625	0	1023934	trigger	120
2002.294921875	0	1025176	trigger	28
2003.1328125	0	1025605	trigger	120
2005.3125	0	1026721	trigger	33
2007.27734375	0	1027727	trigger	120
2009.62890625	0	1028931	trigger	27
2011.484375	0	1029881	trigger	120
2013.794921875	0	1031064	trigger	28
2015.373046875	0	1031872	trigger	120
2017.6953125	0	1033061	trigger	27
2018.396484375	0	1033420	trigger	120
2020.744140625	0	1034622	trigger	36
2022.98828125	0	1035771	trigger	120
2025.345703125	0	1036978	trigger	35
2026.02734375	0	1037327	trigger	120
2033.689453125	0	1041250	trigger	120
2036.779296875	0	1042832	trigger	120
2039.177734375	0	1044060	trigger	27
2039.8515625	0	1044405	trigger	120
2042.12890625	0	1045571	trigger	33
2042.986328125	0	1046010	trigger	120
2046.283203125	0	1047698	trigger	120
2049.193359375	0	1049188	trigger	120
2052.650390625	0	1050958	trigger	120
2054.87890625	0	1052099	trigger	42
2055.466796875	0	1052400	trigger	120
2058.875	0	1054145	trigger	120
2061.14453125	0	1055307	trigger	35
2061.787109375	0	1055636	trigger	120
2063.994140625	0	1056766	trigger	35
2064.6171875	0	1057085	trigger	120
2067.44921875	0	1058535	trigger	120
2070.361328125	0	1060026	trigger	120
2073.064453125	0	1061410	trigger	120
2075.310546875	0	1062560	trigger	30
2075.896484375	0	1062860	trigger	121
2078.02734375	0	1063951	trigger	41
2078.505859375	0	1064196	trigger	120
2080.6953125	0	1065317	trigger	29
2081.3515625	0	1065653	trigger	120
2083.4609375	0	1066733	trigger	41
2084.041015625	0	1067030	trigger	120
2087.046875	0	1068569	trigger	120
2090.6640625	0	1070421	trigger	120
2092.77734375	0	1071503	trigger	34
2094.361328125	0	1072314	trigger	120
2096.611328125	0	1073466	trigger	27
2098.185546875	0	1074272	trigger	120
2101.080078125	0	1075754	trigger	120
2103.9921875	0	1077245	trigger	120
2106.193359375	0	1078372	trigger	41
2106.83984375	0	1078703	trigger	120
2109.736328125	0	1080186	trigger	120
2111.9765625	0	1081333	trigger	29
2112.806640625	0	1081758	trigger	120
2115.703125	0	1083241	trigger	120
2118.919921875	0	1084888	trigger	120
2121.078125	0	1085993	trigger	28
2121.927734375	0	1086428	trigger	120
2124.078125	0	1087529	trigger	27
2124.7421875	0	1087869	trigger	120
2128.62890625	0	1089859	trigger	120
2130.84375	0	1090993	trigger	38
2131.57421875	0	1091367	trigger	120
2133.79296875	0	1092503	trigger	33
2134.470703125	0	1092850	trigger	120
2138.375	0	1094849	trigger	120
2141.22265625	0	1096307	trigger	120
2143.443359375	0	1097444	trigger	29
2146.166015625	0	1098838	trigger	120
2148.361328125	0	1099962	trigger	27
2149.140625	0	1100361	trigger	120
2151.27734375	0	1101455	trigger	33
2152.501953125	0	1102082	trigger	120
2155.54296875	0	1103639	trigger	120
2157.79296875	0	1104791	trigger	35
2158.373046875	0	1105088	trigger	120
2160.626953125	0	1106242	trigger	41
2161.25390625	0	1106563	trigger	120
2164.62890625	0	1108291	trigger	120
2167.541015625	0	1109782	trigger	120
2169.677734375	0	1110876	trigger	29
2170.4375	0	1111265	trigger	120
2172.560546875	0	1112352	trigger	35
2173.365234375	0	1112764	trigger	120
2176.26171875	0	1114247	trigger	120
2178.4609375	0	1115373	trigger	36
2179.140625	0	1115721	trigger	120
2197.109375	0	1124921	trigger	27
2197.876953125	0	1125314	trigger	120
2200.326171875	0	1126568	trigger	41
2200.9296875	0	1126877	trigger	120
2204.228515625	0	1128566	trigger	120
2208.2109375	0	1130605	trigger	120
2211.314453125	0	1132194	trigger	120
2214.435546875	0	1133792	trigger	120
2217.009765625	0	1135110	trigger	35
2217.68359375	0	1135455	trigger	120
2220.09375	0	1136689	trigger	36
2220.931640625	0	1137118	trigger	120
2224.306640625	0	1138846	trigger	120
2226.7421875	0	1140093	trigger	37
2227.5859375	0	1140525	trigger	120
2229.92578125	0	1141723	trigger	29
2231.984375	0	1142777	trigger	120
2234.275390625	0	1143950	trigger	36
2235.82421875	0	1144743	trigger	120
2239.10546875	0	1146423	trigger	120
2242.482421875	0	1148152	trigger	120
2246.015625	0	1149961	trigger	120
2249.328125	0	1151657	trigger	120
2251.80859375	0	1152927	trigger	28
2252.591796875	0	1153328	trigger	120
2254.91015625	0	1154515	trigger	36
2255.6484375	0	1154893	trigger	120
2259.521484375	0	1156876	trigger	120
2261.79296875	0	1158039	trigger	27
2262.48046875	0	1158391	trigger	120
2264.876953125	0	1159618	trigger	41
2265.568359375	0	1159972	trigger	120
2268.576171875	0	1161512	trigger	120
2270.9921875	0	1162749	trigger	35
2271.759765625	0	1163142	trigger	120
2274.091796875	0	1164336	trigger	36
2275.119140625	0	1164862	trigger	121
2277.4921875	0	1166077	trigger	36
2279.599609375	0	1167156	trigger	121
2285.34375	0	1170097	trigger	121
2288.3984375	0	1171661	trigger	120
2291.55078125	0	1173275	trigger	120
2293.9765625	0	1174517	trigger	34
2294.751953125	0	1174914	trigger	120
2297.791015625	0	1176470	trigger	120
2300.375	0	1177793	trigger	41
2301.150390625	0	1178190	trigger	120
2306.87890625	0	1181123	trigger	120
2309.837890625	0	1182638	trigger	120
2312.990234375	0	1184252	trigger	120
2315.392578125	0	1185482	trigger	27
2317.548828125	0	1186586	trigger	120
2320.58984375	0	1188143	trigger	120
2322.859375	0	1189305	trigger	28
2323.61328125	0	1189691	trigger	120
2325.908203125	0	1190866	trigger	30
2326.796875	0	1191321	trigger	120
2329.109375	0	1192505	trigger	27
2329.837890625	0	1192878	trigger	120
2332.142578125	0	1194058	trigger	35
2332.75	0	1194369	trigger	120
2335.275390625	0	1195662	trigger	30
2336.732421875	0	1196408	trigger	120
2339.724609375	0	1197940	trigger	120
2342.587890625	0	1199406	trigger	120
2344.908203125	0	1200594	trigger	27
2345.515625	0	1200905	trigger	120
2348.525390625	0	1202446	trigger	120
2350.826171875	0	1203624	trigger	42
2351.40234375	0	1203919	trigger	120
2354.603515625	0	1205558	trigger	120
2357.44140625	0	1207011	trigger	41
2358.1875	0	1207393	trigger	120
2379.306640625	0	1218206	trigger	120
2382.42578125	0	1219803	trigger	28
2383.2109375	0	1220205	trigger	120
2385.80859375	0	1221535	trigger	34
2386.505859375	0	1221892	trigger	120
2389.140625	0	1223241	trigger	36
2389.9609375	0	1223661	trigger	120
2394.203125	0	1225833	trigger	120
2396.69140625	0	1227107	trigger	28
2397.544921875	0	1227544	trigger	120
2401.5625	0	1229601	trigger	120
2404.041015625	0	1230870	trigger	33
2405.14453125	0	1231435	trigger	120
2407.44140625	0	1232611	trigger	28
2408.185546875	0	1232992	trigger	120
2410.408203125	0	1234130	trigger	37
2411.08203125	0	1234475	trigger	120
2414.154296875	0	1236048	trigger	120
2417.560546875	0	1237792	trigger	120
2420.79296875	0	1239447	trigger	120
2423.896484375	0	1241036	trigger	120
2426.841796875	0	1242544	trigger	120
2430.328125	0	1244329	trigger	120
2433.736328125	0	1246074	trigger	120
2437.576171875	0	1248040	trigger	120
2440.470703125	0	1249522	trigger	120
2442.791015625	0	1250710	trigger	33
2443.974609375	0	1251316	trigger	120
2447.22265625	0	1252979	trigger	120
2450.744140625	0	1254782	trigger	120
2453.0234375	0	1255949	trigger	35
2453.751953125	0	1256322	trigger	120
2456.7265625	0	1257845	trigger	120
2459.07421875	0	1259047	trigger	37
2460.486328125	0	1259770	trigger	120
2463.51171875	0	1261319	trigger	120
2465.841796875	0	1262512	trigger	38
2466.599609375	0	1262900	trigger	120
2469.814453125	0	1264546	trigger	120
2472.900390625	0	1266126	trigger	120
2475.57421875	0	1267495	trigger	41
2476.837890625	0	1268142	trigger	120
2480.0390625	0	1269781	trigger	120
2482.5078125	0	1271045	trigger	34
2483.75	0	1271681	trigger	120
2486.08984375	0	1272879	trigger	38
2486.7734375	0	1273229	trigger	120
2489.20703125	0	1274475	trigger	28
2489.828125	0	1274793	trigger	120
2492.94921875	0	1276391	trigger	120
2495.373046875	0	1277632	trigger	41
2496.068359375	0	1277988	trigger	120
2499.060546875	0	1279520	trigger	120
2502.01953125	0	1281035	trigger	120
2506.052734375	0	1283100	trigger	120
2508.357421875	0	1284280	trigger	36
2510.212890625	0	1285230	trigger	121
2513.220703125	0	1286770	trigger	120
2515.556640625	0	1287966	trigger	27
2518.693359375	0	1289572	trigger	120
2522.099609375	0	1291316	trigger	120
2525.220703125	0	1292914	trigger	120
2529.01171875	0	1294855	trigger	120
2533.107421875	0	1296952	trigger	121
2536.15625	0	1298513	trigger	42
2537.380859375	0	1299140	trigger	120
2539.90625	0	1300433	trigger	37
2540.626953125	0	1300802	trigger	120
2563.556640625	0	1312542	trigger	30
2564.43359375	0	1312991	trigger	120
2568.80078125	0	1315227	trigger	120
2572.849609375	0	1317300	trigger	120
2575.189453125	0	1318498	trigger	42
2576.2890625	0	1319061	trigger	120
2579.953125	0	1320937	trigger	120
2583.216796875	0	1322608	trigger	120
2585.556640625	0	1323806	trigger	35
2587.328125	0	1324713	trigger	120
2589.623046875	0	1325888	trigger	35
2590.54296875	0	1326359	trigger	120
2592.85546875	0	1327543	trigger	28
2595.919921875	0	1329112	trigger	120
2598.923828125	0	1330650	trigger	27
2599.583984375	0	1330988	trigger	120
2602.751953125	0	1332610	trigger	120
2605.0390625	0	1333781	trigger	36
2606.416015625	0	1334486	trigger	120
2608.65625	0	1335633	trigger	28
2609.599609375	0	1336116	trigger	120
2612.896484375	0	1337804	trigger	120
2615.255859375	0	1339012	trigger	30
2616.560546875	0	1339680	trigger	120
2619.6328125	0	1341253	trigger	120
2622.81640625	0	1342883	trigger	120
2625.85546875	0	1344439	trigger	120
2628.86328125	0	1345979	trigger	120
2635.421875	0	1349337	trigger	120
2637.806640625	0	1350558	trigger	30
2639.0546875	0	1351197	trigger	120
2642.57421875	0	1352999	trigger	120
2644.98828125	0	1354235	trigger	27
2646.25390625	0	1354883	trigger	120
2649.32421875	0	1356455	trigger	120
2651.85546875	0	1357751	trigger	27
2652.556640625	0	1358110	trigger	120
2655.453125	0	1359593	trigger	120
2658.4296875	0	1361117	trigger	120
2661.29296875	0	1362583	trigger	120
2663.60546875	0	1363767	trigger	28
2664.62109375	0	1364287	trigger	120
2667.005859375	0	1365508	trigger	33
2667.61328125	0	1365819	trigger	120
2669.873046875	0	1366976	trigger	36
2670.4296875	0	1367261	trigger	120
2673.853515625	0	1369014	trigger	120
2676.072265625	0	1370150	trigger	36
2676.701171875	0	1370472	trigger	120
2678.97265625	0	1371635	trigger	34
2679.61328125	0	1371963	trigger	120
2682.66796875	0	1373527	trigger	120
2684.921875	0	1374681	trigger	37
2686.458984375	0	1375468	trigger	120
2688.73828125	0	1376635	trigger	36
2690.443359375	0	1377508	trigger	120
2692.638671875	0	1378632	trigger	30
2693.337890625	0	1378990	trigger	120
2696.33203125	0	1380523	trigger	120
2701.947265625	0	1383398	trigger	120
2704.171875	0	1384537	trigger	41
2704.939453125	0	1384930	trigger	120
2707.8984375	0	1386445	trigger	120
2710.189453125	0	1387618	trigger	42
2710.875	0	1387969	trigger	120
2714.091796875	0	1389616	trigger	120
2717.001953125	0	1391106	trigger	120
2719.255859375	0	1392260	trigger	35
2719.9296875	0	1392605	trigger	120
2722.087890625	0	1393710	trigger	28
2722.763671875	0	1394056	trigger	120
2725.802734375	0	1395612	trigger	120
2747.8046875	0	1406877	trigger	35
2748.83984375	0	1407407	trigger	120
2751.154296875	0	1408592	trigger	27
2751.849609375	0	1408948	trigger	120
2755.12890625	0	1410627	trigger	121
2757.73828125	0	1411963	trigger	38
2758.45703125	0	1412331	trigger	120
2760.705078125	0	1413482	trigger	36
2761.447265625	0	1413862	trigger	120
2763.837890625	0	1415086	trigger	36
2765.576171875	0	1415976	trigger	120
2767.822265625	0	1417126	trigger	35
2768.439453125	0	1417442	trigger	120
2772.19921875	0	1419367	trigger	121
2774.521484375	0	1420556	trigger	30
2775.20703125	0	1420907	trigger	120
2777.50390625	0	1422083	trigger	33
2778.279296875	0	1422480	trigger	120
2781.544921875	0	1424152	trigger	120
2784.48828125	0	1425659	trigger	120
2788.263671875	0	1427592	trigger	120
2791.783203125	0	1429394	trigger	120
2795.111328125	0	1431098	trigger	120
2797.455078125	0	1432298	trigger	35
2798.599609375	0	1432884	trigger	120
2800.8203125	0	1434021	trigger	30
2802.0390625	0	1434645	trigger	120
2805.318359375	0	1436324	trigger	120
2807.5546875	0	1437469	trigger	29
2808.21484375	0	1437807	trigger	120
2812.29296875	0	1439895	trigger	120
2814.705078125	0	1441130	trigger	41
2815.365234375	0	1441468	trigger	120
2818.181640625	0	1442910	trigger	120
2821.861328125	0	1444794	trigger	120
2824.1875	0	1445985	trigger	42
2824.93359375	0	1446367	trigger	120
2827.12109375	0	1447487	trigger	36
2828.388671875	0	1448136	trigger	121
2831.65234375	0	1449807	trigger	120
2833.87109375	0	1450943	trigger	35
2834.435546875	0	1451232	trigger	120
2838.197265625	0	1453158	trigger	120
2842.67578125	0	1455451	trigger	120
2844.98828125	0	1456635	trigger	28
2846.083984375	0	1457196	trigger	120
2849.30078125	0	1458843	trigger	120
2851.5703125	0	1460005	trigger	38
2852.33984375	0	1460399	trigger	120
2857.251953125	0	1462914	trigger	120
2859.986328125	0	1464314	trigger	28
2860.580078125	0	1464618	trigger	120
2862.986328125	0	1465850	trigger	35
2863.65234375	0	1466191	trigger	120
2866.8203125	0	1467813	trigger	120
2869.71484375	0	1469295	trigger	120
2872.67578125	0	1470811	trigger	120
2876.083984375	0	1472556	trigger	121
2879.08984375	0	1474095	trigger	120
2881.90625	0	1475537	trigger	120
2885.314453125	0	1477282	trigger	120
2888.115234375	0	1478716	trigger	120
2890.404296875	0	1479888	trigger	29
2891.6171875	0	1480509	trigger	120
2893.8203125	0	1481637	trigger	35
2895.505859375	0	1482500	trigger	120
2898.8984375	0	1484237	trigger	120
2904.2578125	0	1486981	trigger	120
2906.5859375	0	1488173	trigger	27
2907.3125	0	1488545	trigger	120
2928.470703125	0	1499378	trigger	27
2929.45703125	0	1499883	trigger	120
2931.953125	0	1501161	trigger	41
2932.736328125	0	1501562	trigger	120
2936.48046875	0	1503479	trigger	120
2940.03125	0	1505297	trigger	120
2942.470703125	0	1506546	trigger	34
2943.16796875	0	1506903	trigger	120
2947.48828125	0	1509115	trigger	120
2950.494140625	0	1510654	trigger	120
2953.58203125	0	1512235	trigger	120
2958.671875	0	1514841	trigger	120
2962.3984375	0	1516749	trigger	120
2964.751953125	0	1517954	trigger	30
2965.90234375	0	1518543	trigger	120
2968.91015625	0	1520083	trigger	120
2971.83984375	0	1521583	trigger	120
2974.26953125	0	1522827	trigger	38
2976.111328125	0	1523770	trigger	120
2979.677734375	0	1525596	trigger	120
2982.783203125	0	1527186	trigger	120
2985.15234375	0	1528399	trigger	34
2988.029296875	0	1529872	trigger	120
3047.251953125	0	1560194	trigger	28
3048.794921875	0	1560984	trigger	120
3051.302734375	0	1562268	trigger	34
3051.9140625	0	1562581	trigger	120
3054.841796875	0	1564080	trigger	120
3057.0859375	0	1565229	trigger	28
3057.609375	0	1565497	trigger	120
3061.369140625	0	1567422	trigger	120
3064.185546875	0	1568864	trigger	120
3067.642578125	0	1570634	trigger	120
3070.712890625	0	1572206	trigger	120
3073.9609375	0	1573869	trigger	120
3076.82421875	0	1575335	trigger	120
3079.46875	0	1576689	trigger	27
3080.072265625	0	1576998	trigger	120
3086.82421875	0	1580455	trigger	120
3089.9609375	0	1582061	trigger	120
3094.16796875	0	1584215	trigger	120
3097.20703125	0	1585771	trigger	120
3099.984375	0	1587193	trigger	35
3100.630859375	0	1587524	trigger	120
3103.001953125	0	1588738	trigger	38
3103.734375	0	1589113	trigger	120
3106.15234375	0	1590351	trigger	42
3107.86328125	0	1591227	trigger	120
3110.30078125	0	1592475	trigger	28
3111.25390625	0	1592963	trigger	121
3113.53515625	0	1594131	trigger	33
3115.015625	0	1594889	trigger	121
3119.9765625	0	1597429	trigger	121
3122.40234375	0	1598671	trigger	41
3123.158203125	0	1599058	trigger	120
3126.326171875	0	1600680	trigger	120
3128.66796875	0	1601879	trigger	41
3129.3359375	0	1602221	trigger	120
3133.52734375	0	1604367	trigger	120
3136.966796875	0	1606128	trigger	120
3140.951171875	0	1608168	trigger	121
3144.310546875	0	1609888	trigger	120
3146.650390625	0	1611086	trigger	35
3147.30078125	0	1611419	trigger	120
3149.6171875	0	1612605	trigger	38
3150.998046875	0	1613312	trigger	120
3154.486328125	0	1615098	trigger	120
3175.98828125	0	1626107	trigger	120
3180.1640625	0	1628245	trigger	120
3182.6171875	0	1629501	trigger	29
3183.412109375	0	1629908	trigger	120
3186.580078125	0	1631530	trigger	120
3189.955078125	0	1633258	trigger	120
3194.1796875	0	1635421	trigger	120
3198.466796875	0	1637616	trigger	120
3203.74609375	0	1640319	trigger	120
3206.25	0	1641601	trigger	35
3206.916015625	0	1641942	trigger	120
3210.8515625	0	1643957	trigger	120
3214.546875	0	1645849	trigger	120
3217.5390625	0	1647381	trigger	120
3219.966796875	0	1648624	trigger	41
3220.771484375	0	1649036	trigger	120
3223.734375	0	1650553	trigger	27
3224.46484375	0	1650927	trigger	120
3227.521484375	0	1652492	trigger	120
3230.9296875	0	1654237	trigger	120
3233.41796875	0	1655511	trigger	34
3234.591796875	0	1656112	trigger	120
3237.6015625	0	1657653	trigger	120
3240.1328125	0	1658949	trigger	27
3240.994140625	0	1659390	trigger	120
3245.505859375	0	1661700	trigger	120
3247.8828125	0	1662917	trigger	28
3248.6875	0	1663329	trigger	120
3252.44921875	0	1665255	trigger	120
3256.095703125	0	1667122	trigger	120
3260.033203125	0	1669138	trigger	120
3263.25	0	1670785	trigger	120
3265.966796875	0	1672176	trigger	33
3266.671875	0	1672537	trigger	120
3268.966796875	0	1673712	trigger	36
3269.791015625	0	1674134	trigger	120
3273.390625	0	1675977	trigger	120
3275.81640625	0	1677219	trigger	35
3276.81640625	0	1677731	trigger	120
3280.896484375	0	1679820	trigger	120
3283.19921875	0	1680999	trigger	34
3283.984375	0	1681401	trigger	120
3286.267578125	0	1682570	trigger	38
3287.326171875	0	1683112	trigger	121
3289.533203125	0	1684242	trigger	27
3291.517578125	0	1685258	trigger	120
3293.765625	0	1686409	trigger	36
3294.52734375	0	1686799	trigger	120
3297.58203125	0	1688363	trigger	120
3299.966796875	0	1689584	trigger	35
3300.669921875	0	1689944	trigger	120
3303.7265625	0	1691509	trigger	120
3306.099609375	0	1692724	trigger	28
3308.95703125	0	1694187	trigger	120
3311.5	0	1695489	trigger	37
3312.3828125	0	1695941	trigger	120
3314.833984375	0	1697196	trigger	30
3315.64453125	0	1697611	trigger	120
3318	0	1698817	trigger	36
3318.892578125	0	1699274	trigger	120
3321.19921875	0	1700455	trigger	38
3321.88671875	0	1700807	trigger	120
3324.349609375	0	1702068	trigger	38
3328.267578125	0	1704074	trigger	120
3331.7734375	0	1705869	trigger	121
3334.232421875	0	1707128	trigger	28
3335.310546875	0	1707680	trigger	121
3337.716796875	0	1708912	trigger	35
3338.427734375	0	1709276	trigger	120
3340.81640625	0	1710499	trigger	42
3341.787109375	0	1710996	trigger	120
3344.115234375	0	1712188	trigger	37
3344.98828125	0	1712635	trigger	120
3355.580078125	0	1718058	trigger	120
3358.232421875	0	1719416	trigger	38
3358.970703125	0	1719794	trigger	120
3361.365234375	0	1721020	trigger	35
3362.07421875	0	1721383	trigger	120
3365.259765625	0	1723014	trigger	120
3369.130859375	0	1724996	trigger	120
3371.431640625	0	1726174	trigger	30
3373.33984375	0	1727151	trigger	120
3375.69921875	0	1728359	trigger	28
3376.6015625	0	1728821	trigger	121
3379.70703125	0	1730411	trigger	120
3382.859375	0	1732025	trigger	120
3386.826171875	0	1734056	trigger	120
3390.921875	0	1736153	trigger	120
3394.216796875	0	1737840	trigger	121
3397.41796875	0	1739479	trigger	120
3399.783203125	0	1740690	trigger	27
3400.841796875	0	1741232	trigger	120
3403.9140625	0	1742805	trigger	120
3406.349609375	0	1744052	trigger	33
3407.41796875	0	1744599	trigger	120
3411.224609375	0	1746548	trigger	121
3413.69921875	0	1747815	trigger	42
3414.392578125	0	1748170	trigger	120
3416.798828125	0	1749402	trigger	27
3417.673828125	0	1749850	trigger	120
3421.2734375	0	1751693	trigger	120
3424.3125	0	1753249	trigger	120
3426.6328125	0	1754437	trigger	30
3428.13671875	0	1755207	trigger	120
3430.365234375	0	1756348	trigger	37
3431.16015625	0	1756755	trigger	120
3435.095703125	0	1758770	trigger	120
3437.46484375	0	1759983	trigger	28
3438.18359375	0	1760351	trigger	120
3441.65625	0	1762129	trigger	120
3443.8984375	0	1763277	trigger	35
3444.759765625	0	1763718	trigger	120
3449.28125	0	1766033	trigger	36
3449.9609375	0	1766381	trigger	120
3453.3046875	0	1768093	trigger	120
3455.548828125	0	1769242	trigger	36
3456.087890625	0	1769518	trigger	120
3459.638671875	0	1771336	trigger	120
3462.46484375	0	1772783	trigger	42
3462.91796875	0	1773015	trigger	120
3465.09765625	0	1774131	trigger	35
3465.62109375	0	1774399	trigger	120
3469.046875	0	1776153	trigger	120
3472.58203125	0	1777963	trigger	120
3474.880859375	0	1779140	trigger	41
3475.3671875	0	1779389	trigger	120
3478.390625	0	1780937	trigger	120
3480.6484375	0	1782093	trigger	29
3481.365234375	0	1782460	trigger	120
3484.822265625	0	1784230	trigger	120
3487.09765625	0	1785395	trigger	34
3487.765625	0	1785737	trigger	120
3490.61328125	0	1787195	trigger	120
3493.4765625	0	1788661	trigger	120
3495.748046875	0	1789824	trigger	36
3496.7734375	0	1790349	trigger	120
3499.048828125	0	1791514	trigger	28
3499.78125	0	1791889	trigger	120
3503.30078125	0	1793691	trigger	120
3505.763671875	0	1794952	trigger	27
3506.357421875	0	1795256	trigger	120
3510.453125	0	1797353	trigger	120
3512.798828125	0	1798554	trigger	33
3513.62109375	0	1798975	trigger	120
3534.001953125	0	1809410	trigger	120
3536.546875	0	1810713	trigger	27
3537.123046875	0	1811008	trigger	120
3540.32421875	0	1812647	trigger	120
3543.330078125	0	1814186	trigger	120
3545.880859375	0	1815492	trigger	28
3546.978515625	0	1816054	trigger	120
3549.23046875	0	1817207	trigger	27
3550.880859375	0	1818052	trigger	120
3553.21484375	0	1819247	trigger	30
3553.77734375	0	1819535	trigger	120
3557.314453125	0	1821346	trigger	120
3560.8828125	0	1823173	trigger	120
3563.1640625	0	1824341	trigger	38
3564.03515625	0	1824787	trigger	120
3567.361328125	0	1826490	trigger	120
3570.998046875	0	1828352	trigger	42
3572.080078125	0	1828906	trigger	120
3576.86328125	0	1831355	trigger	120
3579.130859375	0	1832516	trigger	36
3579.873046875	0	1832896	trigger	120
3582.865234375	0	1834428	trigger	120
3585.9375	0	1836001	trigger	120
3588.671875	0	1837401	trigger	120
3591.615234375	0	1838908	trigger	120
3593.880859375	0	1840068	trigger	33
3594.462890625	0	1840366	trigger	120
3598.17578125	0	1842267	trigger	120
3605.568359375	0	1846052	trigger	120
3608.400390625	0	1847502	trigger	120
3611.677734375	0	1849180	trigger	120
3615.951171875	0	1851368	trigger	120
3618.279296875	0	1852560	trigger	41
3619.375	0	1853121	trigger	120
3621.580078125	0	1854250	trigger	30
3623.1171875	0	1855037	trigger	121
3626.095703125	0	1856562	trigger	120
3629.072265625	0	1858086	trigger	120
3632.111328125	0	1859642	trigger	120
3634.462890625	0	1860846	trigger	42
3634.974609375	0	1861108	trigger	120
3637.23046875	0	1862263	trigger	35
3639.150390625	0	1863246	trigger	120
3642.6875	0	1865057	trigger	120
3645.11328125	0	1866299	trigger	27
3645.7265625	0	1866613	trigger	120
3648.861328125	0	1868218	trigger	120
3652.318359375	0	1869988	trigger	121
3655.294921875	0	1871512	trigger	120
3657.630859375	0	1872708	trigger	37
3658.828125	0	1873321	trigger	120
3661.095703125	0	1874482	trigger	28
3661.91796875	0	1874903	trigger	120
3669.7734375	0	1878925	trigger	120
3673.33984375	0	1880751	trigger	120
3675.61328125	0	1881915	trigger	30
3676.5546875	0	1882397	trigger	120
3679.146484375	0	1883724	trigger	28
3680.076171875	0	1884200	trigger	120
3682.330078125	0	1885354	trigger	38
3683.1953125	0	1885797	trigger	120
3686.189453125	0	1887330	trigger	120
3688.412109375	0	1888468	trigger	30
3689.291015625	0	1888918	trigger	120
3692.412109375	0	1890516	trigger	120
3694.763671875	0	1891720	trigger	42
3696.443359375	0	1892580	trigger	120
3700.31640625	0	1894563	trigger	120
3721.771484375	0	1905548	trigger	120
3725.9140625	0	1907669	trigger	120
3729.578125	0	1909545	trigger	120
3731.9453125	0	1910757	trigger	35
3733.11328125	0	1911355	trigger	120
3735.412109375	0	1912532	trigger	33
3737.048828125	0	1913370	trigger	120
3740.072265625	0	1914918	trigger	120
3743	0	1916417	trigger	120
3746.662109375	0	1918292	trigger	35
3747.353515625	0	1918646	trigger	121
3749.595703125	0	1919794	trigger	35
3750.919921875	0	1920472	trigger	120
3756.28125	0	1923217	trigger	120
3760.51953125	0	1925387	trigger	121
3763.3203125	0	1926821	trigger	120
3766.0390625	0	1928213	trigger	120
3768.328125	0	1929385	trigger	36
3768.904296875	0	1929680	trigger	120
3771.078125	0	1930793	trigger	34
3772.96875	0	1931761	trigger	120
3775.162109375	0	1932884	trigger	36
3775.86328125	0	1933243	trigger	120
3778.095703125	0	1934386	trigger	27
3778.759765625	0	1934726	trigger	120
3780.962890625	0	1935854	trigger	38
3781.55859375	0	1936159	trigger	120
3783.779296875	0	1937296	trigger	37
3785.23828125	0	1938043	trigger	120
3787.39453125	0	1939147	trigger	34
3788.0546875	0	1939485	trigger	120
3790.966796875	0	1940976	trigger	120
3793.638671875	0	1942344	trigger	120
3795.828125	0	1943465	trigger	27
3796.470703125	0	1943794	trigger	120
3799.798828125	0	1945498	trigger	120
3802.01171875	0	1946631	trigger	42
3802.55078125	0	1946907	trigger	120
3804.6953125	0	1948005	trigger	38
3805.556640625	0	1948446	trigger	120
3807.6953125	0	1949541	trigger	42
3808.30859375	0	1949855	trigger	120
3811.189453125	0	1951330	trigger	120
3813.412109375	0	1952468	trigger	30
3814.40625	0	1952977	trigger	120
3816.5625	0	1954081	trigger	34
3817.349609375	0	1954484	trigger	120
3820.56640625	0	1956131	trigger	120
3822.8125	0	1957281	trigger	35
3823.302734375	0	1957532	trigger	120
3825.427734375	0	1958620	trigger	38
3826.052734375	0	1958940	trigger	120
3828.2109375	0	1960045	trigger	36
3828.7890625	0	1960341	trigger	120
3830.927734375	0	1961436	trigger	35
3831.556640625	0	1961758	trigger	120
3833.662109375	0	1962836	trigger	34
3834.275390625	0	1963150	trigger	120
3836.98046875	0	1964535	trigger	120
3840.037109375	0	1966100	trigger	120
3842.8046875	0	1967517	trigger	120
3845.556640625	0	1968926	trigger	120
3848.306640625	0	1970334	trigger	120
3850.544921875	0	1971480	trigger	28
3852.419921875	0	1972440	trigger	120
3855.701171875	0	1974120	trigger	120
3858.755859375	0	1975684	trigger	120
3860.9453125	0	1976805	trigger	29
3861.66796875	0	1977175	trigger	120
3866.275390625	0	1979534	trigger	120
3868.578125	0	1980713	trigger	36
3869.203125	0	1981033	trigger	120
3872.70703125	0	1982827	trigger	120
3897.4609375	0	1995501	trigger	37
3898.642578125	0	1996106	trigger	120
3901.82421875	0	1997735	trigger	120
3905.08984375	0	1999407	trigger	120
3908.001953125	0	2000898	trigger	120
3910.294921875	0	2002072	trigger	35
3910.76953125	0	2002315	trigger	120
3913.77734375	0	2003855	trigger	120
3916.2109375	0	2005101	trigger	35
3916.802734375	0	2005404	trigger	120
3920.001953125	0	2007042	trigger	120
3923.50390625	0	2008835	trigger	121
3926.3515625	0	2010293	trigger	120
3928.64453125	0	2011467	trigger	28
3929.248046875	0	2011776	trigger	120
3932.3359375	0	2013357	trigger	120
3934.66015625	0	2014547	trigger	35
3935.375	0	2014913	trigger	120
3937.59375	0	2016049	trigger	27
3938.14453125	0	2016331	trigger	120
3940.41015625	0	2017491	trigger	38
3940.9921875	0	2017789	trigger	120
3943.259765625	0	2018950	trigger	34
3943.998046875	0	2019328	trigger	120
3946.29296875	0	2020503	trigger	30
3947.0234375	0	2020877	trigger	120
3949.27734375	0	2022031	trigger	28
3949.85546875	0	2022327	trigger	120
3952.078125	0	2023465	trigger	33
3952.71875	0	2023793	trigger	120
3954.927734375	0	2024924	trigger	28
3955.58203125	0	2025259	trigger	120
3957.810546875	0	2026400	trigger	35
3961.646484375	0	2028364	trigger	120
3963.927734375	0	2029532	trigger	27
3964.638671875	0	2029896	trigger	120
3968.126953125	0	2031682	trigger	120
3970.494140625	0	2032894	trigger	38
3971.998046875	0	2033664	trigger	120
3975.615234375	0	2035516	trigger	120
3977.79296875	0	2036631	trigger	42
3978.541015625	0	2037014	trigger	120
3981.39453125	0	2038475	trigger	27
3982.876953125	0	2039234	trigger	120
3986.669921875	0	2041176	trigger	120
3989.04296875	0	2042391	trigger	38
3989.7265625	0	2042741	trigger	120
3992.78125	0	2044305	trigger	120
3995.96484375	0	2045935	trigger	120
3998.861328125	0	2047418	trigger	120
4001.310546875	0	2048672	trigger	29
4002.25390625	0	2049155	trigger	120
4004.59375	0	2050353	trigger	28
4006.31640625	0	2051235	trigger	120
4009.419921875	0	2052824	trigger	120
4018.91015625	0	2057683	trigger	34
4019.484375	0	2057977	trigger	120
4021.859375	0	2059193	trigger	30
4022.412109375	0	2059476	trigger	120
4025.900390625	0	2061262	trigger	120
4028.193359375	0	2062436	trigger	27
4028.794921875	0	2062744	trigger	120
4031.17578125	0	2063963	trigger	35
4031.96484375	0	2064367	trigger	120
4034.9375	0	2065889	trigger	120
4038.236328125	0	2067578	trigger	120
4040.59375	0	2068785	trigger	28
4041.2109375	0	2069101	trigger	120
4043.560546875	0	2070304	trigger	41
4045.609375	0	2071353	trigger	120
4048.5859375	0	2072877	trigger	120
4050.876953125	0	2074050	trigger	30
4051.75390625	0	2074499	trigger	120
4054.04296875	0	2075671	trigger	37
4055.033203125	0	2076178	trigger	120
4057.29296875	0	2077335	trigger	34
4057.849609375	0	2077620	trigger	120
4071.44921875	0	2084583	trigger	120
4074.17578125	0	2085979	trigger	35
4075.08203125	0	2086443	trigger	120
4078.455078125	0	2088170	trigger	120
4082.056640625	0	2090014	trigger	120
4085.017578125	0	2091530	trigger	120
4087.54296875	0	2092823	trigger	27
4088.12109375	0	2093119	trigger	120
4090.359375	0	2094265	trigger	27
4092.45703125	0	2095339	trigger	120
4095.943359375	0	2097124	trigger	36
4097	0	2097665	trigger	120
4100.0546875	0	2099229	trigger	120
4103.369140625	0	2100926	trigger	120
4106.34375	0	2102449	trigger	120
4108.642578125	0	2103626	trigger	28
4109.416015625	0	2104022	trigger	120
4112.421875	0	2105561	trigger	120
4115.51171875	0	2107143	trigger	120
4118.455078125	0	2108650	trigger	120
4121.333984375	0	2110124	trigger	120
4124.6953125	0	2111845	trigger	120
4127.58984375	0	2113327	trigger	120
4130.025390625	0	2114574	trigger	29
4132.263671875	0	2115720	trigger	120
4135.189453125	0	2117218	trigger	120
4138.853515625	0	2119094	trigger	120
4141.19140625	0	2120291	trigger	35
4141.95703125	0	2120683	trigger	120
4148.486328125	0	2124026	trigger	120
4151.333984375	0	2125484	trigger	120
4153.708984375	0	2126700	trigger	36
4155.732421875	0	2127736	trigger	120
4158.025390625	0	2128910	trigger	38
4158.677734375	0	2129244	trigger	120
4162.212890625	0	2131054	trigger	120
4165.044921875	0	2132504	trigger	120
4172.82421875	0	2136487	trigger	38
4173.794921875	0	2136984	trigger	120
4176.98046875	0	2138615	trigger	120
4179.275390625	0	2139790	trigger	35
4179.876953125	0	2140098	trigger	120
4182.158203125	0	2141266	trigger	42
4182.8046875	0	2141597	trigger	120
4186.67578125	0	2143579	trigger	120
4189.091796875	0	2144816	trigger	36
4189.796875	0	2145177	trigger	120
4192.8515625	0	2146741	trigger	120
4195.05859375	0	2147871	trigger	41
4195.84375	0	2148273	trigger	120
4199.04296875	0	2149911	trigger	120
4202.72265625	0	2151795	trigger	120
4205.025390625	0	2152974	trigger	34
4205.619140625	0	2153278	trigger	120
4207.857421875	0	2154424	trigger	37
4208.99609375	0	2155007	trigger	120
4211.224609375	0	2156148	trigger	37
4211.953125	0	2156521	trigger	120
4214.158203125	0	2157650	trigger	36
4214.818359375	0	2157988	trigger	120
4217.025390625	0	2159118	trigger	34
4217.890625	0	2159561	trigger	120
4220.140625	0	2160713	trigger	30
4220.9140625	0	2161109	trigger	120
4223.091796875	0	2162224	trigger	29
4223.90625	0	2162641	trigger	120
4226.76953125	0	2164107	trigger	120
4229.025390625	0	2165262	trigger	29
4229.73046875	0	2165623	trigger	120
4231.875	0	2166721	trigger	28
4233.009765625	0	2167302	trigger	121
4272.046875	0	2187289	trigger	120
4276.3046875	0	2189469	trigger	120
4278.5234375	0	2190605	trigger	28
4279.791015625	0	2191254	trigger	120
4282.71875	0	2192753	trigger	120
4285.791015625	0	2194326	trigger	120
4289.23046875	0	2196087	trigger	120
4292.478515625	0	2197750	trigger	120
4295.759765625	0	2199430	trigger	120
4300.158203125	0	2201682	trigger	120
4303.197265625	0	2203238	trigger	120
4307.0546875	0	2205213	trigger	120
4313.548828125	0	2208538	trigger	120
4315.90625	0	2209745	trigger	37
4316.796875	0	2210201	trigger	120
4319.837890625	0	2211758	trigger	120
4324.60546875	0	2214199	trigger	120
4326.90625	0	2215377	trigger	35
4327.56640625	0	2215715	trigger	120
4329.791015625	0	2216854	trigger	35
4330.26953125	0	2217099	trigger	120
4332.740234375	0	2218364	trigger	34
4334.205078125	0	2219114	trigger	120
4337.099609375	0	2220596	trigger	121
4339.423828125	0	2221786	trigger	28
4340.5546875	0	2222365	trigger	120
4343.357421875	0	2223800	trigger	120
4346.396484375	0	2225356	trigger	120
4349.611328125	0	2227002	trigger	120
4352.603515625	0	2228534	trigger	120
4354.90625	0	2229713	trigger	35
4355.548828125	0	2230042	trigger	120
4358.556640625	0	2231582	trigger	120
4360.873046875	0	2232768	trigger	27
4361.53125	0	2233105	trigger	120
4363.7734375	0	2234253	trigger	42
4364.330078125	0	2234538	trigger	120
4366.57421875	0	2235687	trigger	36
4367.291015625	0	2236054	trigger	120
4369.490234375	0	2237180	trigger	37
4370.474609375	0	2237684	trigger	120
4372.623046875	0	2238784	trigger	38
4373.41796875	0	2239191	trigger	120
4375.607421875	0	2240312	trigger	37
4376.69921875	0	2240871	trigger	120
4379.005859375	0	2242052	trigger	37
4379.9296875	0	2242525	trigger	120
4382.2890625	0	2243733	trigger	27
4383.72265625	0	2244467	trigger	120
4386.681640625	0	2245982	trigger	120
4388.97265625	0	2247155	trigger	35
4389.435546875	0	2247392	trigger	120
4393.53125	0	2249489	trigger	120
4395.822265625	0	2250662	trigger	37
4396.5390625	0	2251029	trigger	120
4399.59375	0	2252593	trigger	120
4401.873046875	0	2253760	trigger	30
4403.16015625	0	2254419	trigger	120
4405.423828125	0	2255578	trigger	36
4406.41015625	0	2256083	trigger	120
4408.58984375	0	2257199	trigger	35
4409.12890625	0	2257475	trigger	120
4414.615234375	0	2260284	trigger	120
4416.888671875	0	2261448	trigger	28
4417.46484375	0	2261743	trigger	121
4420.712890625	0	2263406	trigger	120
4423.0390625	0	2264597	trigger	29
4423.705078125	0	2264938	trigger	120
4426.697265625	0	2266470	trigger	120
4428.95703125	0	2267627	trigger	36
4430.248046875	0	2268288	trigger	121
4445.373046875	0	2276032	trigger	27
4447.81640625	0	2277283	trigger	120
4450.88671875	0	2278855	trigger	120
4453.388671875	0	2280136	trigger	27
4455.015625	0	2280969	trigger	120
4458.24609375	0	2282623	trigger	120
4461.55859375	0	2284319	trigger	120
4463.85546875	0	2285495	trigger	35
4464.517578125	0	2285834	trigger	120
4468.455078125	0	2287850	trigger	120
4470.72265625	0	2289011	trigger	28
4471.830078125	0	2289578	trigger	120
4474.837890625	0	2291118	trigger	120
4478.630859375	0	2293060	trigger	120
4480.90625	0	2294225	trigger	37
4484.470703125	0	2296050	trigger	120
4488.62890625	0	2298179	trigger	120
4491.97265625	0	2299891	trigger	121
4495.4609375	0	2301677	trigger	120
4497.888671875	0	2302920	trigger	28
4498.564453125	0	2303266	trigger	120
4501.556640625	0	2304798	trigger	120
4503.837890625	0	2305966	trigger	35
4504.580078125	0	2306346	trigger	120
4507.556640625	0	2307870	trigger	120
4510.373046875	0	2309312	trigger	120
4513.22265625	0	2310771	trigger	28
4514.27734375	0	2311311	trigger	120
4517.427734375	0	2312924	trigger	120
4519.638671875	0	2314056	trigger	37
4520.1953125	0	2314341	trigger	120
4523.556640625	0	2316062	trigger	120
4527.890625	0	2318281	trigger	121
4531.154296875	0	2319952	trigger	120
4533.388671875	0	2321096	trigger	37
4534.03515625	0	2321427	trigger	120
4536.23828125	0	2322555	trigger	27
4539.458984375	0	2324204	trigger	120
4542.931640625	0	2325982	trigger	121
4546.32421875	0	2327719	trigger	120
4548.5546875	0	2328861	trigger	34
4549.779296875	0	2329488	trigger	120
4551.87109375	0	2330559	trigger	29
4552.626953125	0	2330946	trigger	120
4556.849609375	0	2333108	trigger	120
4559.021484375	0	2334220	trigger	28
4559.76171875	0	2334599	trigger	121
4562.978515625	0	2336246	trigger	120
4565.77734375	0	2337679	trigger	120
4568.880859375	0	2339268	trigger	120
4571.10546875	0	2340407	trigger	29
4571.85546875	0	2340791	trigger	120
4574.00390625	0	2341891	trigger	28
4577.10546875	0	2343479	trigger	120
4579.287109375	0	2344596	trigger	28
4579.85546875	0	2344887	trigger	120
4582.154296875	0	2346064	trigger	28
4585.85546875	0	2347959	trigger	120
4588.220703125	0	2349170	trigger	37
4588.943359375	0	2349540	trigger	120
4592.015625	0	2351113	trigger	120
4595.056640625	0	2352670	trigger	120
4597.919921875	0	2354136	trigger	120
4601.18359375	0	2355807	trigger	120
4604.142578125	0	2357322	trigger	120
4606.990234375	0	2358780	trigger	120
4609.83984375	0	2360239	trigger	120
4624.921875	0	2367961	trigger	41
4626	0	2368513	trigger	120
4629.0703125	0	2370085	trigger	120
4631.23828125	0	2371195	trigger	36
4632.046875	0	2371609	trigger	120
4634.95703125	0	2373099	trigger	120
4637.646484375	0	2374476	trigger	120
4640.974609375	0	2376180	trigger	120
4643.23828125	0	2377339	trigger	38
4644.4296875	0	2377949	trigger	120
4646.5703125	0	2379045	trigger	37
4648.029296875	0	2379792	trigger	120
4651.64453125	0	2381643	trigger	120
4654.716796875	0	2383216	trigger	120
4657.037109375	0	2384404	trigger	42
4657.7421875	0	2384765	trigger	120
4660.021484375	0	2385932	trigger	36
4660.75	0	2386305	trigger	120
4663.00390625	0	2387459	trigger	29
4663.517578125	0	2387722	trigger	120
4666.58984375	0	2389295	trigger	120
4668.919921875	0	2390488	trigger	33
4669.677734375	0	2390876	trigger	120
4671.970703125	0	2392050	trigger	37
4673.068359375	0	2392612	trigger	120
4676.314453125	0	2394274	trigger	120
4680.1875	0	2396257	trigger	120
4683.724609375	0	2398068	trigger	120
4686.732421875	0	2399608	trigger	120
4689.103515625	0	2400822	trigger	35
4689.916015625	0	2401238	trigger	120
4693.115234375	0	2402876	trigger	121
4695.404296875	0	2404048	trigger	29
4696.171875	0	2404441	trigger	120
4699.322265625	0	2406054	trigger	120
4701.5703125	0	2407205	trigger	41
4702.34765625	0	2407603	trigger	120
4704.63671875	0	2408775	trigger	28
4705.337890625	0	2409134	trigger	120
4707.537109375	0	2410260	trigger	36
4708.634765625	0	2410822	trigger	120
4710.787109375	0	2411924	trigger	42
4711.705078125	0	2412394	trigger	120
4714.732421875	0	2413944	trigger	120
4717.75390625	0	2415491	trigger	120
4721.017578125	0	2417162	trigger	120
4724.04296875	0	2418711	trigger	120
4726.302734375	0	2419868	trigger	34
4727.001953125	0	2420226	trigger	120
4729.1875	0	2421345	trigger	28
4729.8984375	0	2421709	trigger	120
4732.794921875	0	2423192	trigger	120
4736.9375	0	2425313	trigger	120
4739.236328125	0	2426490	trigger	38
4739.818359375	0	2426788	trigger	120
4741.953125	0	2427881	trigger	41
4742.841796875	0	2428336	trigger	120
4745.673828125	0	2429786	trigger	120
4747.90234375	0	2430927	trigger	35
4748.6171875	0	2431293	trigger	120
4751.49609375	0	2432767	trigger	120
4754.47265625	0	2434291	trigger	120
4756.63671875	0	2435399	trigger	42
4757.16015625	0	2435667	trigger	120
4759.38671875	0	2436807	trigger	33
4760.328125	0	2437289	trigger	120
4762.552734375	0	2438428	trigger	27
4763.529296875	0	2438928	trigger	120
4766.45703125	0	2440427	trigger	120
4770.119140625	0	2442302	trigger	120
4772.419921875	0	2443480	trigger	28
4773.048828125	0	2443802	trigger	120
4786.65234375	0	2450767	trigger	29
4787.26953125	0	2451083	trigger	120
4789.71875	0	2452337	trigger	34
4792.40625	0	2453713	trigger	120
4794.8359375	0	2454957	trigger	36
4795.861328125	0	2455482	trigger	120
4798.119140625	0	2456638	trigger	36
4799.990234375	0	2457596	trigger	120
4803.591796875	0	2459440	trigger	120
4805.986328125	0	2460666	trigger	28
4806.775390625	0	2461070	trigger	120
4809.068359375	0	2462244	trigger	33
4809.669921875	0	2462552	trigger	120
4812.7421875	0	2464125	trigger	120
4815.38671875	0	2465479	trigger	28
4815.974609375	0	2465780	trigger	120
4818.93359375	0	2467295	trigger	120
4822.421875	0	2469081	trigger	120
4824.90234375	0	2470351	trigger	38
4825.796875	0	2470809	trigger	120
4828.119140625	0	2471998	trigger	28
4828.837890625	0	2472366	trigger	120
4831.185546875	0	2473568	trigger	33
4831.845703125	0	2473906	trigger	120
4834.40234375	0	2475215	trigger	30
4835.572265625	0	2475814	trigger	120
4838.564453125	0	2477346	trigger	120
4842.068359375	0	2479140	trigger	120
4844.369140625	0	2480318	trigger	33
4845.15625	0	2480721	trigger	120
4847.419921875	0	2481880	trigger	34
4848.1328125	0	2482245	trigger	120
4850.435546875	0	2483424	trigger	38
4851.15625	0	2483793	trigger	120
4855.603515625	0	2486070	trigger	120
4857.818359375	0	2487204	trigger	42
4858.5	0	2487553	trigger	120
4860.701171875	0	2488680	trigger	33
4861.68359375	0	2489183	trigger	120
4865.123046875	0	2490944	trigger	120
4867.90625	0	2492369	trigger	120
4870.16796875	0	2493527	trigger	36
4871.587890625	0	2494254	trigger	120
4874.72265625	0	2495859	trigger	121
4877.01953125	0	2497035	trigger	27
4877.986328125	0	2497530	trigger	120
4880.8828125	0	2499013	trigger	120
4883.90625	0	2500561	trigger	120
4886.978515625	0	2502134	trigger	120
4889.841796875	0	2503600	trigger	120
4892.720703125	0	2505074	trigger	120
4895.47265625	0	2506483	trigger	120
4898.578125	0	2508073	trigger	120
4901.265625	0	2509449	trigger	120
4904.033203125	0	2510866	trigger	120
4906.21875	0	2511985	trigger	27
4907.154296875	0	2512464	trigger	120
4909.501953125	0	2513666	trigger	27
4910.591796875	0	2514224	trigger	120
4914.78515625	0	2516371	trigger	120
4917.251953125	0	2517634	trigger	28
4918.416015625	0	2518230	trigger	120
4921.759765625	0	2519942	trigger	120
4925.6328125	0	2521925	trigger	120
4928.201171875	0	2523240	trigger	42
4928.80078125	0	2523547	trigger	120
4930.96875	0	2524657	trigger	34
4934.033203125	0	2526226	trigger	120
4936.333984375	0	2527404	trigger	36
4938.78515625	0	2528659	trigger	120
4941.16796875	0	2529879	trigger	36
4942.080078125	0	2530346	trigger	121
4944.318359375	0	2531492	trigger	29
4944.87890625	0	2531779	trigger	120
4969.634765625	0	2544454	trigger	38
4971.517578125	0	2545418	trigger	120
4974.876953125	0	2547138	trigger	120
4977.28515625	0	2548371	trigger	41
4978.365234375	0	2548924	trigger	120
4981.501953125	0	2550530	trigger	120
4983.8671875	0	2551741	trigger	42
4984.95703125	0	2552299	trigger	120
4987.150390625	0	2553422	trigger	30
4987.806640625	0	2553758	trigger	120
4990.89453125	0	2555339	trigger	120
4993.216796875	0	2556528	trigger	36
4994.189453125	0	2557026	trigger	121
4997.1640625	0	2558549	trigger	120
5000.25390625	0	2560131	trigger	121
5002.990234375	0	2561532	trigger	120
5005.318359375	0	2562724	trigger	28
5006.220703125	0	2563186	trigger	121
5008.43359375	0	2564319	trigger	27
5009.53125	0	2564881	trigger	120
5012.4765625	0	2566389	trigger	120
5015.548828125	0	2567962	trigger	120
5018.619140625	0	2569534	trigger	120
5020.8671875	0	2570685	trigger	36
5023.228515625	0	2571894	trigger	120
5025.451171875	0	2573032	trigger	36
5026.41015625	0	2573523	trigger	120
5028.583984375	0	2574636	trigger	37
5029.37109375	0	2575039	trigger	120
5032.39453125	0	2576587	trigger	121
5035.146484375	0	2577996	trigger	120
5038.154296875	0	2579536	trigger	120
5040.451171875	0	2580712	trigger	27
5041.08203125	0	2581035	trigger	120
5043.349609375	0	2582196	trigger	36
5044.15625	0	2582609	trigger	120
5046.333984375	0	2583724	trigger	42
5047.2265625	0	2584181	trigger	120
5051.75390625	0	2586499	trigger	120
5054.552734375	0	2587932	trigger	120
5057.81640625	0	2589603	trigger	120
5060.083984375	0	2590764	trigger	27
5060.76171875	0	2591111	trigger	120
5062.951171875	0	2592232	trigger	38
5063.642578125	0	2592586	trigger	120
5065.783203125	0	2593682	trigger	28
5066.521484375	0	2594060	trigger	120
5074.74609375	0	2598271	trigger	120
5077.099609375	0	2599476	trigger	42
5077.78515625	0	2599827	trigger	120
5080.5859375	0	2601261	trigger	120
5083.6875	0	2602849	trigger	120
5086.759765625	0	2604422	trigger	120
5089.05078125	0	2605595	trigger	27
5089.560546875	0	2605856	trigger	120
5091.783203125	0	2606994	trigger	35
5092.615234375	0	2607420	trigger	120
5095.271484375	0	2608780	trigger	121
5101.03125	0	2611729	trigger	120
5104.982421875	0	2613752	trigger	120
5107.83203125	0	2615211	trigger	120
5110.583984375	0	2616620	trigger	120
5112.80078125	0	2617755	trigger	27
5113.3359375	0	2618029	trigger	120
5117.830078125	0	2620330	trigger	120
5120.015625	0	2621449	trigger	33
5120.630859375	0	2621764	trigger	120
5122.833984375	0	2622892	trigger	27
5124.533203125	0	2623762	trigger	121
5127.54296875	0	2625303	trigger	120
5142.69921875	0	2633063	trigger	27
5143.4765625	0	2633461	trigger	120
5145.798828125	0	2634650	trigger	36
5147.990234375	0	2635772	trigger	120
5150.853515625	0	2637238	trigger	120
5153.89453125	0	2638795	trigger	120
5156.8359375	0	2640301	trigger	120
5159.115234375	0	2641468	trigger	35
5159.748046875	0	2641792	trigger	120
5162.61328125	0	2643259	trigger	120
5165.4453125	0	2644709	trigger	120
5167.69921875	0	2645863	trigger	27
5168.548828125	0	2646298	trigger	120
5171.318359375	0	2647716	trigger	120
5174.083984375	0	2649132	trigger	120
5177.5390625	0	2650901	trigger	120
5180.515625	0	2652425	trigger	120
5183.412109375	0	2653908	trigger	120
5185.681640625	0	2655070	trigger	27
5186.212890625	0	2655342	trigger	120
5188.44921875	0	2656487	trigger	28
5189.205078125	0	2656874	trigger	121
5191.349609375	0	2657972	trigger	33
5192.00390625	0	2658307	trigger	120
5194.232421875	0	2659448	trigger	34
5195.71484375	0	2660207	trigger	120
5198.724609375	0	2661748	trigger	120
5201.953125	0	2663401	trigger	120
5204.19921875	0	2664551	trigger	41
5204.76953125	0	2664843	trigger	120
5206.96484375	0	2665967	trigger	28
5207.587890625	0	2666286	trigger	120
5210.384765625	0	2667718	trigger	120
5212.6484375	0	2668877	trigger	28
5213.203125	0	2669161	trigger	120
5216.337890625	0	2670766	trigger	121
5218.56640625	0	2671907	trigger	29
5219.201171875	0	2672232	trigger	120
5221.3828125	0	2673349	trigger	35
5221.96875	0	2673649	trigger	120
5224.80078125	0	2675099	trigger	120
5227.115234375	0	2676284	trigger	30
5227.69921875	0	2676583	trigger	120
5230.37109375	0	2677951	trigger	120
5232.615234375	0	2679100	trigger	41
5233.025390625	0	2679310	trigger	121
5235.265625	0	2680457	trigger	42
5235.826171875	0	2680744	trigger	120
5240.12890625	0	2682947	trigger	120
5242.53125	0	2684177	trigger	30
5243.6796875	0	2684765	trigger	120
5245.931640625	0	2685918	trigger	35
5246.767578125	0	2686346	trigger	120
5249.08203125	0	2687531	trigger	35
5249.83984375	0	2687919	trigger	120
5252.08203125	0	2689067	trigger	27
5252.640625	0	2689353	trigger	120
5254.982421875	0	2690552	trigger	41
5255.6328125	0	2690885	trigger	120
5257.8984375	0	2692045	trigger	28
5259.072265625	0	2692646	trigger	120
5261.33203125	0	2693803	trigger	30
5261.96875	0	2694129	trigger	120
5264.248046875	0	2695296	trigger	36
5264.83203125	0	2695595	trigger	120
5267.181640625	0	2696798	trigger	37
5267.6484375	0	2697037	trigger	120
5269.8984375	0	2698189	trigger	42
5270.54296875	0	2698519	trigger	120
5272.748046875	0	2699648	trigger	34
5274.84765625	0	2700723	trigger	120
5277.1484375	0	2701901	trigger	33
5278.0625	0	2702369	trigger	121
5280.87890625	0	2703811	trigger	120
5283.7265625	0	2705269	trigger	120
5285.96484375	0	2706415	trigger	28
5286.623046875	0	2706752	trigger	120
5286.86328125	0	2706875	trigger	112
